{"cameraMode":{"drawMode":0,"name":"Shaded","section":"Shading Mode"},"sceneLighting":true,"audioPlay":false,"sceneViewState":{"m_AlwaysRefresh":false,"showFog":true,"showSkybox":true,"showFlares":true,"showImageEffects":true,"showParticleSystems":true,"showVisualEffectGraphs":true,"m_FxEnabled":true},"in2DMode":false,"pivot":{"x":-1.9502519369125367,"y":1.9387822151184083,"z":-3.4034976959228517},"rotation":{"x":-0.013812112621963025,"y":0.9636935591697693,"z":-0.04911195486783981,"w":-0.26509660482406618},"size":6.475763320922852,"orthographic":false}