{"cameraMode":{"drawMode":0,"name":"Shaded","section":"Shading Mode"},"sceneLighting":true,"audioPlay":false,"sceneViewState":{"m_AlwaysRefresh":false,"showFog":true,"showSkybox":true,"showFlares":true,"showImageEffects":true,"showParticleSystems":true,"showVisualEffectGraphs":true,"m_FxEnabled":true},"in2DMode":false,"pivot":{"x":-1.398703694343567,"y":-2.1653707027435304,"z":-9.504590034484864},"rotation":{"x":0.012083628214895726,"y":0.9787259697914124,"z":-0.19836635887622834,"w":0.05712017044425011},"size":14.876984596252442,"orthographic":false}