{"cameraMode":{"drawMode":0,"name":"Shaded","section":"Shading Mode"},"sceneLighting":true,"audioPlay":false,"sceneViewState":{"m_AlwaysRefresh":false,"showFog":true,"showSkybox":true,"showFlares":true,"showImageEffects":true,"showParticleSystems":true,"showVisualEffectGraphs":true,"m_FxEnabled":true},"in2DMode":false,"pivot":{"x":-0.40835073590278628,"y":3.031832695007324,"z":-0.8298261761665344},"rotation":{"x":-0.00697713578119874,"y":-0.9912561774253845,"z":0.05759119242429733,"w":-0.12502534687519074},"size":10.208182334899903,"orthographic":false}