{"cameraMode":{"drawMode":0,"name":"Shaded","section":"Shading Mode"},"sceneLighting":true,"audioPlay":false,"sceneViewState":{"m_AlwaysRefresh":false,"showFog":true,"showSkybox":true,"showFlares":true,"showImageEffects":true,"showParticleSystems":true,"showVisualEffectGraphs":true,"m_FxEnabled":true},"in2DMode":false,"pivot":{"x":966.5678100585938,"y":344.90576171875,"z":1958.117431640625},"rotation":{"x":-0.012001635506749154,"y":-0.0054088495671749119,"z":-0.00024487992050126195,"w":-1.0000027418136597},"size":1415.579345703125,"orthographic":false}