{"cameraMode":{"drawMode":0,"name":"Shaded","section":"Shading Mode"},"sceneLighting":false,"audioPlay":false,"sceneViewState":{"m_AlwaysRefresh":false,"showFog":false,"showSkybox":false,"showFlares":false,"showImageEffects":false,"showParticleSystems":false,"showVisualEffectGraphs":true,"m_FxEnabled":true},"in2DMode":false,"pivot":{"x":-0.3764098286628723,"y":0.06300085783004761,"z":-0.20123904943466187},"rotation":{"x":-0.016169779002666475,"y":-0.9851011633872986,"z":0.12769056856632234,"w":-0.1186075285077095},"size":0.4285668730735779,"orthographic":false}